,corpus,cluster,readable
0,российский еврооблигация международный euroclear clearstream международный инвестор падение рейтинг исключение бенчмарк российский еврооблигация активно продавать большой дисконт приобретать рсхб управление актив ожидание восстановление цена погашение номинал,0,Российские еврооблигации в международных Euroclear и Clearstream.Международные инвесторы из-за падения рейтинга и исключения из бенчмарков российских еврооблигаций активно их продают с большим дисконтом. Их можно приобрести в РСХБ Управление активами с ожиданием восстановления цены или погашения по номиналу.
1,британия откладывать голосование выбор новый премьер страна риск хакерский атака процедура перенести полтора неделя писать the telegraph отставка борис джонсон консервативный партия нужно выбирать новый лидер совместительство премьерминистр кандидат экс глава минфин риш сунак глава мид лиза трасса кроме отмечаться член партия впервые смочь выбирать кандидат почта онлайн также давать возможность последний момент,10,"В Британии отложили голосование о выборе нового премьера страны из-за риска хакерских атак.Процедуру перенесли на полторы недели, пишет The Telegraph.После отставки Бориса Джонсона Консервативной партии нужно выбрать себе нового лидера и по совместительству премьер-министра. Кандидаты: экс-глава Минфина Риши Сунак и глава МИД Лиз Трасс.Кроме того, отмечается, что на этот раз члены партии впервые смогут выбрать кандидата не только по почте, но и онлайн, а также им дадут возможность в последний момент «переголосовать».@rt_russian"
2,вашингтон включать черный список половина десяток российский самолет якобы нарушать экспортный контроль двадцать пять самолет airbus a a a находиться эксплуатация российский авиакомпания red wings nordwind s airlines i fly yamal airlines включать минторг сша санкционный список ограничивать технический обслуживание дозаправка обеспечение запчасть прецедент уникальный март правительство сша запрещать обслуживать около сотня самолет летать рф введение антироссийский санкция прицел число прочий попадать gulfstream g роман абрамович,0,"Вашингтон включил в «чёрный список» два с половиной десятка российских самолетов, которые якобы нарушали экспортный контроль. 25 самолетов Airbus A320, A321 и A330, которые находятся в эксплуатации у российских авиакомпаний Red Wings, Nordwind, S7 Airlines, I-Fly и Yamal Airlines включены Минторгом США в санкционный список. Они будут ограничены в техническом обслуживании, дозаправках и обеспечении запчастями. Прецедент не уникальный. Еще в марте правительство США запретило обслуживать около сотни самолетов, которые летали в РФ после введения антироссийских санкций. Под «прицел», в число прочих, попал Gulfstream G560 Романа Абрамовича."
3,значит украинский поле российский бекон добавляться корейка невзоров,0,".Ну, значит, на украинских полях,к российскому бекону добавится корейка. Невзоров @nevzorovtv"
4,мариуполь оккупант уничтожать памятник погибший герой украина дурак лишать право истерика повод снос совковый мемориал балтия чехия берлин т д снести мир мариупольский хамство вопль памятник русский трибуна превращаться простой фиглярство око око невзоров,5,"В Мариуполе оккупанты уничтожают памятник погибшим героям Украины. Дураки. Лишили себя права на истерику по поводу сноса совковых мемориалов в Балтии, Чехии, Берлине и т.д.  А снесут всё во всем мире.  После этого «Мариупольского хамства» все вопли  о «памятниках» с русских трибун превращаются в простое фиглярство. Око за око. Невзоров @nevzorovtv"
5,чистый вид издевательство исключительный свинство весь мир ждать спецслужба сша смерть реальный террорист убивать ради свой каприз сто пятьдесят тысяча человек мечтать спалить планета ядерный пламень американец мочить какойто бородатый тихушник давно забывать бахвалиться спасать мир бред какойто невзоров,10,"Нет, ну это в чистом виде издевательство. Исключительное свинство.  Когда весь мир ждёт от спецслужб США смерть реального террориста №1,  уже убившего ради своих капризов 150 тысяч человек и мечтающего спалить планету в ядерном пламени, американцы «мочат» какого-то бородатого тихушника, о котором все давно забыли и бахвалятся этим, как будто бы спасли мир. Бред какой-то. Невзоров @nevzorovtv"
6,британец следовать сокращать время прием душа хотя минута избегать дефицит водыоб сообщать газета санди таймс ссылка источник компания заниматься водоснабжение королевство,1,"Британцам следует сократить время приема душа хотя бы на минуту, чтобы избежать дефицита водыОб этом сообщила газета ""Санди таймс"" со ссылкой на источники в компаниях, занимающихся водоснабжением в королевстве."
7,летний деревянный мост сгорать китаенациональный китайский реликвия мост пиннань ваньань загораться вечер шесть август несмотря усилие пожарный древний конструкция сгорать тла обрушиваться причина случаться устанавливаться,8,"900-летний деревянный мост сгорел в КитаеНациональная китайская реликвия, мост Пиннань Ваньань, загорелся вечером 6 августа. Несмотря на усилия пожарных, древняя конструкция сгорела до тла и обрушилась. Причины случившегося устанавливаются."
8,куба гореть нефтехранилище порт провинция матансаспожар начинаться удар молния погибать человек сто двадцать пострадать пропадать весть числиться самолет ввс мексика помогать тушение пожар,8,"На Кубе горит нефтехранилище в порту провинции МатансасПожар начался после удара молнии, погиб один человек, более 120 пострадали, пропавшими без вести числятся 17.Самолет ВВС Мексики помогает в тушении пожара."
9,число жертва израильский удар сектор газ вырастать число пострадать такие данные приводить минздрав прибрежный анклав ссылаться телеканал sky news arabia,9,"Число жертв израильских ударов по сектору Газа выросло до 24, а число пострадавших — до 203Такие данные приводит Минздрав прибрежного анклава, на который ссылается телеканал Sky News Arabia."
10,тайвань заявлять китайский военный репетировать нападение островпо данные министерство оборона тайвань время военный учение четырнадцать китайский самолет пересекать медианный линия тайваньский пролив считаться линия разграничение тайвань китай,2,"Тайвань заявил, что китайские военные репетировали нападение на островПо данным Министерства обороны Тайваня, во время военных учений 14 китайских самолетов пересекли медианную линию Тайваньского пролива, которая считается линией разграничения между Тайванем и Китаем."
11,алчевск контроль лнр попадать снаряд жилой домсообщаться погибать девять пострадавший,1,В Алчевске (под контролем ЛНР) попал снаряд в жилой домСообщается об одном погибшем и девяти пострадавших.
12,радикал террористический группировка исламский джихад вечер пятница выпускать израиль мало триста восемьдесят ракета девяносто упасть территория палестинский анклав сообщать израильский радио кан,3,"Радикалы из террористической группировки ""Исламский джихад"" с вечера пятницы выпустили по Израилю не менее 380 ракет, 90 из них упали на территории палестинского анклава, сообщило израильское радио ""Кан""."
13,джо байден снова вылечиваться коронавирус президент сша сдавать отрицательный тест коронавирус сообщать лечить врач,1,"Джо Байден снова вылечился от коронавируса Президент США сдал отрицательный тест на коронавирус, сообщил его лечащий врач"
14,белый дом осуждать власть штат индиана принятие первый страна закон ограничивать аборт призывать конгресс восстанавливать гарантия репродуктивный свобода федеральный уровень,1,"Белый дом осудил власти штата Индиана за принятие первого в стране закона, ограничивающего аборты, и призвал конгресс восстановить гарантии репродуктивных свобод на федеральном уровне."
15,армия израиль показывать кадр уничтожение наблюдательный пост сектор газа,9,Армия Израиля показывает кадры уничтожения наблюдательного поста в секторе Газа
16,меньший мера пятнадцать человек погибать сто двадцать пять пострадать результат израильский удар сектор газ минздрав,9,"По меньшей мере 15 человек погибли, еще 125 пострадали в результате израильских ударов по сектору Газа — Минздрав"
17,болгария продолжать выдача туристический виза россиянин срок оказание услуга увеличиваться технический причина заявлять посольство болгария москва,0,"Болгария продолжает выдачу туристических виз россиянам, но сроки оказания таких услуг увеличились по техническим причинам, — заявило посольство Болгарии в Москве"
18,министерство оборона тайвань заявлять двадцать самолет ввс китай входить зона пво тайвань суббота четырнадцать китайский военный корабль проводить учение вода тайвань четырнадцать китайский самолет пересекать срединный линия тайваньский пролив,2,"Министерство обороны Тайваня заявили, что 20 самолетов ВВС Китая вошли в зону ПВО Тайваня в субботу, 14 китайских военных кораблей провели учения в водах Тайваня, 14 китайских самолетов пересекли срединную линию Тайваньского пролива"
19,президент турция заявлять подписывать россия дорожный карта экономический сотрудничествустрана намерен доводить товарооборот млрд,6,"Президент Турции заявил, что подписал с Россией дорожную карту по экономическому сотрудничествуСтраны намерены довести товарооборот до $100 млрд."
20,сша перенести запланировать неделя испытание межконтинентальный баллистический ракета minuteman избегать напряженность кнр сми,1,"США перенесли запланированное на эту неделю испытание межконтинентальной баллистической ракеты Minuteman 3, чтобы избежать напряженности с КНР — СМИ"
21,власть шриланка арестовывать иосиф сталин лидер оппозиция добиваться отставка президентановый глава государство начинать зачистка протестный движение полиция задерживать несколько активист среди оказываться полный тезка советский политик сталин работать профсоюз учитель шриланка весна начинать активно выступать смена действующий власть,10,"Власти Шри-Ланки арестовали Иосифа Сталина — одного из лидеров оппозиции, добившейся отставки президентаНовый глава государства начал ""зачистку"" протестного движения: полиция задержала нескольких активистов, среди которых оказался и полный тёзка советского политика.Сталин работает в профсоюзе учителей Шри-Ланки, а весной начал активно выступать за смену действующей власти."
22,юар зафиксировать первый смерть синдром гийена барра вакцина j j covid,1,В ЮАР зафиксирована первая смерть из-за синдрома Гийена-Барре после вакцины J&J от COVID
23,суд оставлять марина раков сизосрок содержание стража продлять девять октябрь тысяча двадцать год писать агентство,1,"Суд оставил Марину Ракову в СИЗОСрок содержания под стражей продлен до 9 октября 2022 года, пишет агентство."
24,япония заявлять протест китай пять выпускать китайский армия ракета упасть исключительный экономический зона агентство kyodo,2,"Япония заявила протест Китаю после того, как пять выпущенных китайской армией ракет упали в её исключительной экономической зоне — агентство Kyodo"
25,соединять штат запускать орбита очередной спутник система предупреждение ракетный нападение sbirs новый поколение geo сообщать компания оператор united launch alliance,8,"Соединенные Штаты запустили на орбиту очередной спутник системы предупреждения о ракетном нападении SBIRS нового поколения GEO 6, сообщила компания-оператор United Launch Alliance."
26,россия первый шесть месяц тысяча двадцать год число погибать дтп электросамокат средство индивидуальный мобильность сей вырастать вдвое человек погибать триста восемьдесят получать ранение часто авария квалифицироваться наезд пешеход,0,"В России за первые шесть месяцев 2022 года число погибших в ДТП с электросамокатами и другими средствами индивидуальной мобильности (СИМ) выросло вдвое6 человек погибли, еще 382 получили ранения. Чаще всего аварии квалифицировались как наезд на пешеходов."
27,визит спикер палата представитель конгресс сша нэнси пелось демилитаризованный зона граница кндр являться важный сигнал направлять сдерживание пхеньян заявлять президент республика корея юный сок ель,4,"Визит спикера Палаты представителей Конгресса США Нэнси Пелоси в демилитаризованную зону на границе с КНДР является важным сигналом, направленным на сдерживание Пхеньяна, заявил президент Республики Корея Юн Сок Ёль."
28,одкб связь обострение нагорный карабах призывать сторона воздерживаться применение сила генсек одкб,1,ОДКБ в связи с обострением в Нагорном Карабахе призывает стороны воздержаться от применения силы — генсек ОДКБ
29,армия израиль наносить удар сектор газабоевой самолет ввс израиль наносить удар объект военный инфраструктура сектор газа цель израильский удар становиться высотка граничить сектор газ район израиль вводить чрезвычайный положение,9,Армия Израиля нанесла удар по сектору ГазаБоевые самолеты ВВС Израиля нанесли удары по объектам военной инфраструктуры в секторе Газа.Целью израильского удара стала одна из высоток. В граничащих с сектором Газа районах Израиля введено чрезвычайное положение.
30,истребитель японский сила самооборона подниматься тревога китайский беспилотник совершать полет остров сакисим юг префектура окинава сообщать газета иомиури беспилотник разведчик беспилотник камикадзе входить восточнокитайский море район тихий океан около остров сакисим разный время двигаться маршрут,2,"Истребители японских сил самообороны поднимались по тревоге из-за двух китайских беспилотников, совершавших полет над островами Сакисима на юге префектуры Окинава, сообщила газета ""Иомиури""Беспилотник-разведчик и беспилотник-камикадзе вошли из Восточно-Китайского моря в район Тихого океана около островов Сакисима в разное время, но двигались почти по одному маршруту."
31,президент турция реджеп тайип эрдоган прибывать сочи пятница состояться переговоры российский коллега владимир путин прилет турецкий лидер сообщать телеканал трт,6,"Президент Турции Реджеп Тайип Эрдоган прибыл в Сочи, где в пятницу состоятся его переговоры с российским коллегой Владимиром Путиным. О прилете турецкого лидера сообщил телеканал ТРТ."
32,сша продолжать придерживаться политика китай выступать предоставление тайвань независимость блинкен,7,"США продолжают придерживаться политики ""одного Китая"" и не выступают за предоставление Тайваню независимости — Блинкен"
33,китай анонсировать санкция против пелось близкий родственник,7,Китай анонсировал санкции против Пелоси и ее ближайших родственников
34,поездка пелось тайвань вульгарный комедия обертываться сша серьезный последствие откалывать остров китай выходить глава мид кнр,2,"Поездка Пелоси на Тайвань – вульгарная комедия, которая обернется для США серьезными последствиями, отколоть остров от Китая не выйдет — глава МИД КНР"
35,министр иностранный дело кнр ван призывать мировой сообщество объединять усилие противостоять давление соединять штат предотвращать вмешательство внутренний политика государствпо слово дипломат сделать мир вернуться закон джунгли рассказывать недопустимость превосходство сша использовать подавление страна сообщать прессслужба мид кнр,10,"Министр иностранных дел КНР Ван И призвал мировое сообщество объединить усилия для того, чтобы противостоять давлению Соединённых Штатов и предотвратить их вмешательство во внутреннюю политику других государствПо словам дипломата, если этого не сделать сейчас, то мир вернётся к законам джунглей. Он рассказал о недопустимости превосходства США, которое будет использовано для подавления других стран, сообщает пресс-служба МИД КНР"
36,министр оборона израиль ганц распоряжаться продолжать операция против исламский джихад,3,"Министр обороны Израиля Ганц распорядился продолжать операцию против ""Исламского джихада"""
37,трамп заявлять америка пасть являться энергетически независимый энергетически доминирующий страна год назад нация выпрашивать венесуэла саудовский аравия нефть пожалуйста пожалуйста пожалуйста помогать говорить байден,1,"Трамп заявил, что Америка пала ""Мы больше не являемся энергетически независимой или энергетически доминирующей страной, какими мы были всего два года назад.  Мы нация, которая выпрашивает у Венесуэлы и Саудовской Аравии нефть. ""Пожалуйста, пожалуйста, пожалуйста, помогите нам"", - говорит Байден."
38,последний час сторона израиль выпускать порядок сто ракета сектор газаоднако данные the times of israel зафиксировать попадание жилой дом человеческий жертва единственный пострадавший человек врач приходиться оказывать помощь случаться панический атака,9,"За последние два часа в сторону Израиля было выпущено порядка 100 ракет из сектора ГазаОднако, по данным The Times of Israel, не было зафиксировано ни попаданий по жилым домам, ни человеческих жертв.Единственные пострадавшие — два человека, которым врачам пришлось оказывать помощь из-за случившихся у них панических атак."
39,сша расширять свой ядерный арсенал проведение программа модернизация вооруженийоб заявлять руководитель национальный управление ядерный безопасность нуяб министерство энергетика джилл хруби выступать мероприятие рамка обзорный конференция договор нераспространение ядерный оружие дняо,10,"США не расширяют свой ядерный арсенал при проведении программы модернизации вооруженийОб этом заявила руководитель Национального управления ядерной безопасности (НУЯБ) при министерстве энергетики Джилл Хруби, выступая на мероприятии в рамках обзорной конференции Договора о нераспространении ядерного оружия (ДНЯО)."
40,время сектор газаочевидец публиковать фото объект ударять израильский ракета,9,"Тем временем в секторе ГазаОчевидцы публикуют фото объектов, по которым ударили израильские ракеты"
41,маск предлагать выпускать американский тюрьма осужденный дело наркотик байден усердно хотеть вернуть россия штат осуждать контрабанда наркотик баскетболистка бриттня грайнер,0,"Маск предложил выпустить из американских тюрем осужденных по делам о наркотиках, раз Байден ""так усердно"" хочет вернуть из России в Штаты осужденную за контрабанду наркотиков баскетболистку Бриттни Грайнер"
42,аллах акбар видео пуск ракета израиль сторона сектор газа,9,Аллаху Акбар!Видео с пуском ракет по Израилю со стороны сектора Газа
43,израиль атаковать цех производство оружие склад огневой позиция радикальный группировка исламский джихад весь сектор газ сообщать армия,3,"Израиль атакует цеха по производству оружия, склады и огневые позиции радикальной группировки ""Исламский джихад"" по всему сектору Газа, сообщает армия"
44,министр оборона израиль утверждать приказ призыв двадцать пять тысяча резервист оперативный цель прессслужба,10,"Министр обороны Израиля утвердил приказ о призыве до 25000 резервистов ""для оперативных целей"" — пресс-служба"
45,авиаудар израиль сектор газ четыре погибший двадцать пострадавший среди жертва ребенок заявлять местный власть группировка исламский джихад подтверждать гибель свой командир,3,"После авиаудара Израиля по сектору Газа 4 погибших и 20 пострадавших. Среди жертв — ребёнок. Об этом заявили местные власти.При этом группировка ""Исламский джихад"" подтвердила гибель одного из своих командиров."
46,израиль подтверждать перемирие исламский джихад вступать сила прессслужба премьер,3,"Израиль подтверждает, что перемирие с ""Исламским джихадом"" вступает в силу в 23.30 — пресс-служба премьера"
47,прекращение огонь израиль вступать сила заявлять лидер палестинский группировка исламский джихад запрещать рф организация,3,"Прекращение огня с Израилем вступает в силу в 23:30, заявил лидер палестинской группировки ""Исламский джихад""** запрещена в РФ организация"
48,палестинский группировка исламский джихад подтверждать заключение перемирие израиль afp ссылка заявление,3,"Палестинская группировка ""Исламский джихад"" подтвердила заключение перемирия с Израилем — AFP со ссылкой на заявление"
49,минздрав сектор газ сообщать число погибший обстрел анклав сторона израиль достигать среди пятнадцать ребенок четыре женщина,9,"Минздрав сектора Газа сообщил, что число погибших при обстреле анклава со стороны Израиля достигло 41, среди них 15 детей и 4 женщин"
50,установление режим прекращение огонь зона палестино израильский конфликт срываться требование радикальный группировка исламский джихад египет предоставлять ряд гарантия сообщать вечер телеканал альджазира,3,"Установление режима прекращения огня в зоне палестино-израильского конфликта срывается из-за требований радикальной группировки ""Исламский джихад"" к Египту предоставить ей ряд гарантий, сообщает вечером телеканал ""Аль-Джазира""."
51,премьер израиль заявлять цель военный операция сектор газа достигать смысл продолжать передавать местный тв,9,"Премьер Израиля заявил, что цели военной операции в секторе Газа достигнуты, смысла продолжать её нет, передает местное ТВ."
52,перемирие сектор газа начинаться местный время мск reuters ссылка палестинский чиновник,9,Перемирие в секторе Газа начнётся в 20:00 по местному времени (то же что и мск) — Reuters со ссылкой на палестинского чиновника
53,израиль соглашаться предлагать перемирие газ переговорщик египет ждать ответ палестина сми ссылка источник,9,"Израиль согласился на предложенное перемирие в Газе, переговорщики из Египта ждут ответ Палестины — СМИ со ссылкой на источник"
54,байден снова получать отрицательный тест коронавирус лечащий врачпрезидент сша окончательно излечиваться коронавирус,1,Байден снова получил отрицательный тест на коронавирус — лечащий врачПрезидент США окончательно излечился от коронавируса.
55,олег дерипаска призывать ликвидировать ядерный оружие вовсе запрещать вчера незамеченный проходить всемирный день борьба запрещение ядерный оружие написать telegram миллиардер отмечать ядерный оружие висеть дамоклов меч мир угрожать течение весь несколько часы уничтожать навсегда сахаров многий ученый последовательно пытаться добиваться решение проблема добавлять дерипаска,10,"Олег Дерипаска призвал ликвидировать ядерное оружие и вовсе запретить его""Вчера как всегда незамеченным прошел Всемирный день борьбы за запрещение ядерного оружия"", — написал он в Telegram. Миллиардер отметил, что ядерное оружие висит дамокловым мечом над миром и угрожает ""в течение всего нескольких часов"" уничтожить его ""раз и навсегда"".""Сахаров и многие другие ученые последовательно пытались добиться решения этой проблемы"", — добавил Дерипаска."
56,пелось южный кореевечер планировать посещать граница кндр пункт пханмунджом среди прочее проходить встреча трамп ким чен ыном,1,"Пелоси в Южной КорееВечером она планирует посетить границу с КНДР - пункт Пханмунджом, где среди прочего проходила встреча Трампа с Ким Чен Ыном в 2019."
57,камчатка вертолет ми совершать жесткий посадкун борт находиться пилот алексей резник пострадать результат аварийный посадка вертолет оказываться заваливать левый борт повреждать винт,1,"На Камчатке вертолёт Ми-2 совершил жёсткую посадкуНа борту находился только пилот Алексей Резник, он не пострадал. В результате аварийной посадки вертолёт оказался завален на левый борт, повреждены винты."
58,народный осободительный армия китай ноака приступать масштабный военный учение боевой стрельбамиони проходить шесть акватория вокруг тайвань передавать cgtn центральный телевидение китай,2,"Народно-осободительная армия Китая (НОАК) приступила к масштабным военным учениям с боевыми стрельбамиОни пройдут в шести акваториях вокруг Тайваня, передает CGTN (Центральное телевидение Китая)."
59,кндр выходить договор нераспространение ядерный оружие законный основание иметь право самооборона говориться заявление постпредство кндр оон,10,"КНДР вышла из Договора о нераспространении ядерного оружия на законных основаниях и имеет право на самооборону, говорится в заявлении постпредства КНДР при ООН."
60,данные погибать склад ozon пока мчс,8,Данных о погибших на складе Ozon пока нет — МЧС
61,песков удаваться избегать обострение конфликт самопровозглашенный косово белград откладывать месяц москва поддерживать миролюбивый конструктивный позиция белград страна гарант должный оказывать влияние избегать непродуманный шаг,10,"Песков: удалось избежать обострения конфликта между самопровозглашенным Косово и Белградом, он отложен на месяц, Москва поддерживает миролюбивую конструктивную позицию Белграда, страны-гаранты должны оказать влияние, чтобы избежать непродуманных шагов"
62,пелось мочь прибывать тайвань вечер вторник киодо ссылка тайваньский сми,2,Пелоси может прибыть на Тайвань вечером во вторник — Киодо со ссылкой на тайваньские СМИ
63,россия оказывать помощь белград вступать конфликт случай обострение ситуация вокруг сербия сенатор джабаров мид косово предлагать житель въезжать северный македония блокирование кпп,0,"Россия будет оказывать помощь Белграду, не вступая в конфликт, в случае обострения ситуации вокруг Сербии — сенатор Джабаров.МИД Косово предложил жителям въезжать через Северную Македонию из-за блокирования двух КПП."
64,первый судно украинский зерно выходить порт одессыминобороны турция сообщать сухогруз razoni загружать кукуруза идти флаг сьерралеоне ливан,5,"Первое судно с украинским зерном вышло из порта ОдессыМинобороны Турции сообщило, что сухогруз Razoni, загруженный кукурузой, идёт под флагом Сьерра-Леоне в Ливан."
65,самолет спикер палата представитель конгресс сша нэнси пелось попытаться совершать посадка тайвань предлог технический неисправность необходимость дозаправка писать издание global timesоно отмечать попрежнему возможный пелось захотеть сделать рискованный опасный шаг попытаться приземляться аэропорт тайвань предлог чрезвычайный ситуация технический неисправность дозаправка связь китайский военный патруль радар также участвующий учение сила должный находиться высокий степень готовность близкий день,4,"Самолет со спикером Палаты представителей Конгресса США Нэнси Пелоси может попытаться совершить посадку на Тайване под предлогом технической неисправности или необходимости дозаправки, пишет издание Global TimesОно отмечает, что ""по-прежнему возможно то, что Пелоси захочет сделать рискованный и опасный шаг, попытавшись приземлиться в аэропорту Тайваня под предлогом такой чрезвычайной ситуации, как техническая неисправность или дозаправка"", в связи с чем ""китайские военные патрули, радары, а также участвующие в учениях силы должны находиться в высокой степени готовности в ближайшие дни""."
66,проглатывать наживка запугивать представитель белый дом кирби,1,"Мы не проглотим наживку, нас не запугают — представитель Белого дома Кирби"
67,китай похоже готовиться предпринимать дальнейший шаг близкий день мочь включать военный провокация белый дом,7,"Китай, похоже, готовится предпринять дальнейшие шаги в ближайшие дни, которые могут включать военные провокации — Белый дом"
68,сша понедельник одобрять новый пакет помощь украина пятьсот пятьдесят миллион доллар сфера оборона белый дом,5,США в понедельник одобрят новый пакет помощи Украине на 550 миллионов долларов в сфере обороны – Белый дом
69,владимир зеленский должный отказываться идея вернуть крым пойти соглашение путин заявлять бывший президент сша дональд трамп эфир the clay travis buck sexton showтакже мнение трамп зеленский стоить отказываться идея обязательный вступление украина нато случай война удаваться предотвращать страна подчеркивать трамп,5,"Владимир Зеленский должен был отказаться от идеи вернуть Крым, пойдя на соглашение с Путиным, заявил бывший президент США Дональд Трамп в эфире The Clay Travis & Buck Sexton ShowТакже, по мнению Трампа, Зеленскому стоило отказаться от идеи обязательного вступления Украины в НАТО – в этом случае войну удалось бы предотвратить. ""Тогда у них была бы страна"", – подчеркнул Трамп."
70,великобритания ослаблять санкция против россия сфера страхование авиационный отрасль,0,Великобритания ослабила санкции против России в сфере страхования авиационной отрасли
71,ес направлять украина млрд евро вид макрофинансовый помощипервый транш млн евро зачислять счет украинский нацбанк заявлять премьерминистр украина денис шмыгаль поступление второй транш ожидаться август,5,"ЕС направил Украине 1 млрд евро в виде макрофинансовой помощиПервый транш в 500 млн евро уже зачислен на счёт украинского Нацбанка, заявил премьер-министр Украины Денис Шмыгаль.Поступления второго транша ожидается 2 августа."
72,юань быстро падать рубль терять,1,"Юань быстро падает к рублю, теряет почти 5%"
73,авианосный ударный группа вмс сша глава авианосец рональд рейган направляться акватория юговосток тайвань сообщать китайский аналитический центр scspi данные тридцать июль авианосный ударный группа вмс сша покидать южнокитайский море пролив сан бернардино выходить филиппинский море авианосец рональд рейган огибать юговосток филиппинский остров лусон взять курс север сторона тайвань,2,"Авианосная ударная группа ВМС США во главе с авианосцем ""Рональд Рейган"" направилась в акваторию к юго-востоку от Тайваня, сообщил китайский аналитический центр SCSPI. По его данным, 30 июля авианосная ударная группа ВМС США покинула Южно-Китайское море и через пролив Сан-Бернардино вышла в Филиппинское море. После этого авианосец ""Рональд Рейган"" обогнул с юго-востока филиппинский остров Лусон и взял курс на север в сторону Тайваня."
74,центр петербург пьяный россиянин нападывать темнокожий мужчина слово убивать наш солдат подумать американец оказываться сорок летний мужчина приезжать африка слово очевидица происходить нападать ударять африканец лицо потерять сознание упасть тротуар прохожий вызывать скорый помощь мужчина поступать больница закрытый черепномозговой травма сотрясение головной мозг вывих правый плечо,5,"В центре Петербурга три пьяных россиянина напали на темнокожего мужчину со словами ""Такие, как ты, убивают наших солдат!""Они подумали, что он американец. Оказалось, что 43 летний мужчина приехал из Африки.По словам очевидицы происходящего, один из нападавших ударил африканца по лицу, тот потерял сознание и упал на тротуар. Прохожие вызвали скорую помощь. Мужчина поступил в больницу с закрытой черепно-мозговой травмой, сотрясением головного мозга и вывихом правого плеча."
75,япония происходить утечка семь тонна радиоактивный вода внутри энергоблок аэс михама компания оператор станция утверждать ситуация контроль влияние окружающий среда,8,"В Японии произошла утечка семи тонн радиоактивной воды внутри энергоблока на АЭС ""Михама"".Компания-оператор станции утверждает, что ситуация под контролем и влияния на окружающую среду нет"
76,спикер палата представитель конгресс сша нэнси пелось выступать законодательный юань парламент тайваняпо слово прибывать китайский республика имя мир регион глава администрация тайвань цай инвэнь вручать пелось орден благожелательный облако заслуга продвижение отношение вашингтон тайбэй,4,"Спикер Палаты представителей конгресса США Нэнси Пелоси выступила в Законодательном юане (парламенте) ТайваняПо ее словам, она прибыла в Китайскую республику ""во имя мира для региона"". Глава администрации Тайваня Цай Инвэнь вручила Пелоси орден Благожелательных облаков за заслуги в продвижении отношений Вашингтона и Тайбэя."
77,россиянин беларус разрешать сдавать международный экзамен английский язык toefl четыре август удаленный формат,0,Россиянам и беларусам разрешат сдавать международный экзамен по английскому языку TOEFL с 4 августа в удаленном формате
78,байден уважать решение пелось поехать тайвань заявлять белый дом ответ вопрос поддерживать президент сша шаг спикер палата представитель,4,"Байден уважает решение Пелоси поехать на Тайвань, заявили в Белом доме в ответ на вопрос, поддерживает ли президент США шаги спикера Палаты представителей."
79,сша поддерживать независимость тайвань вашингтон сообщать китайский власть высокий уровень заявлять координатор стратегический коммуникация совет национальный безопасность белый дом джон кирби,7,"США не поддерживают независимость Тайваня, об этом Вашингтон сообщал китайским властям на высшем уровне, заявил координатор по стратегическим коммуникациям в Совете национальной безопасности Белого дома Джон Кирби."
80,китай намеривать применять ядерный оружие первый глава департамент мид кнр,7,Китай не намерен применять ядерное оружие первым — глава департамента МИД КНР
81,сша хотеть кризис отношение кнр намерен бряцать оружие сохранять канал общение открытый белый дом,1,"США не хотят кризиса в отношениях с КНР и не намерены ""бряцать оружием"", будут сохранять каналы общения открытыми — Белый дом"
82,председатель кнр си цзиньпина высказываться визит нэнси пелосить тайвань визит пелось тайвань являться демонстрация нецивилизованный кампания империалист продолжать смотреть мир широко раскрытый глаз пропускать провокация сторона американский реакционер говориться заявление председатель кнр,4,"Председатель КНР Си Цзиньпин высказался о визите Нэнси Пелоси на Тайвань""Визит Пелоси на Тайвань является еще одной демонстрацией нецивилизованной кампании империалистов. Мы продолжаем смотреть на мир широко раскрытыми глазами, чтобы не пропустить ни одной провокации со стороны американских реакционеров"", - говорится в заявлении председателя КНР."
83,мид китай вызывать посол сша выражать протест визит нэнси пелосить тайвань,7,МИД Китая вызвал посла США и выразил ему протест из-за визита Нэнси Пелоси на Тайвань
84,оон придерживаться политика китай офис генсек визит пелось тайвань,7,"ООН придерживается политики ""одного Китая"" — офис генсека о визите Пелоси на Тайвань"
85,сша вводить визовый санкция отношение восемьсот девяносто российский официальный лицо включая член совет федерация военный также против тридцать официальный лицо третий страна поддержка присоединение крым,0,"США вводят визовые санкции в отношении 893 российских официальных лиц, включая членов Совета Федерации и военных, а также против 31 официальных лиц третьих стран за поддержку присоединения Крыма"
86,ответ китай мощный сильный посол кнр сша визит пелось,7,Ответ Китая будет мощным и сильным — посол КНР в США о визите Пелоси
87,сша вводить санкция против алина кабаева,1,США ввели санкции против Алины Кабаевой
88,заявление восточный военный командование кнр собираться проводить совместный морской воздушный учение воздушный пространство север югозапад юговосток остров тайвань проводить боевой стрельба большой дальность тайваньский пролив военный операция нацеливать недавний действие сша тайваньский вопрос кнр также проводить боевой стрельба вода восточный побережье остров тайвань,2,"Заявление восточного военного командования КНР: ""Мы собираемся провести совместные морские и воздушные учения в воздушном пространстве к северу, юго-западу и юго-востоку от острова Тайвань. Мы проведем боевые стрельбы с большой дальности в Тайваньском проливе, эти военные операции нацелены на недавние действия США по тайваньскому вопросу. КНР также проведет боевые стрельбы в водах у восточного побережья острова Тайвань""."
89,сила находиться состояние повышать готовность начинаться целенаправленный военный операция противодействие визит пелось тайвань reuters ссылка министерство оборона кнр,2,"Силы находятся в состоянии повышенной готовности, начнутся целенаправленные военные операции по противодействию визиту Пелоси на Тайвань — Reuters со ссылкой на Министерство обороны КНР"
90,министерство оборона тайвань сообщение китайский истребитель су пересекать тайваньский пролив являться ложный,2,"Министерство обороны Тайваня: сообщения о том, что китайские истребители Су-35 пересекли Тайваньский пролив, являются ложными"
91,визит пелось полностью соответствовать политика сша отношение китай причина эскалация сторона китай заявлять белый дом,7,"Визит Пелоси полностью соответствует политике США по отношению к Китаю, причин для эскалации со стороны Китая нет, заявили в Белом Доме."
92,прибытие нэнси пелосить тайвань устанавливать высокий ставка противостояние китай the new york times,2,"Прибытием Нэнси Пелоси на Тайвань она устанавливает высокие ставки на противостояния с Китаем, — The New York Times."
93,пелось ожидаться встречаться президент тайвань среда вылетать тайвань второй половина день центральный информационный агентство тайвань,4,"Пелоси, как ожидается, встретится с президентом Тайваня в среду, вылетит из Тайваня во второй половине дня — центральное информационное агентство Тайваня"
94,пелось заявлять сша мочь оставаться сторона пока китай угрожать тайвань демократия принцип,2,"Пелоси заявила, что США не могут оставаться в стороне, пока Китай ""угрожает Тайваню и демократии в принципе"""
95,китай объявлять четверг воскресение военный учение шесть район море вокруг тайвань,2,Китай объявил с четверга по воскресенье военные учения в шести районах моря вокруг Тайваня
96,мид китай ответ визит пелось тайвань принимать весь необходимый мера защита государственный суверенитет территориальный целостность ответственность последствие лежать сша тайбэй,2,"МИД Китая: в ответ на визит Пелоси на Тайвань мы примем все необходимые меры для защиты государственного суверенитета и территориальной целостности, ответственность за последствия будет лежать на США и Тайбэе"
97,нэнси пелось заявлять сша поддерживать тайваньский демократия продолжать выступать против односторонний попытка изменять статускво,4,"Нэнси Пелоси заявила, что США поддерживают тайваньскую демократию и продолжают выступать против односторонних попыток ""изменить статус-кво"""
98,визит пелось тайвань являться серьезный нарушение суверенитет территориальный целостность китай мид кнр,2,Визит Пелоси на Тайвань является серьезным нарушением суверенитета и территориальной целостности Китая — МИД КНР
99,самолет предположительно находиться спикер палата представитель конгресс сша нэнси пелось повертывать сторона тайвань,4,"Самолет, на котором предположительно находится спикер Палаты представителей Конгресса США Нэнси Пелоси, повернул в сторону Тайваня"
100,делегация нэнси пелось забронировать сорок восемь номер отель grand hyatt тайбэй сообщать тайваньский телеканал саньли данные телеканал прибывать тайвань около местный время москва делегация планировать останавливаться отель ночь,4,"Делегация Нэнси Пелоси забронировала 48 номеров в отеле Grand Hyatt в Тайбэе, сообщил тайваньский телеканал ""Саньли""По данным телеканала, она прибудет на Тайвань около 21:20 по местному времени (16:20 по Москве). Делегация планирует остановиться в отеле на одну ночь."
101,триста тысяча человек наблюдать полет борт позывные spar предположительно находиться спикер палата представитель конгресс сша нэнси пелось,1,"Почти 300 тысяч человек наблюдают за полетом борта с позывным SPAR19, на котором предположительно находится спикер Палаты представителей Конгресса США Нэнси Пелоси"
102,правительственный самолет сша прибывать малайзия американский военновоздушный база скотт иллинойс мочь использовать сопровождение полет спикер палата представитель сша нэнси пелосить тайвань замена спецборт писать газета global times,4,"Еще один правительственный самолет США прибыл в Малайзию с американской военно-воздушной базы Скотт в Иллинойсе и может быть использован для сопровождения полета спикера палаты представителей США Нэнси Пелоси на Тайвань или для замены ее спецборта, пишет газета Global Times."
103,народный освободительный армия китай стягивать бронетехника пляж провинция фуцзяньэто близкий тайвань провинция,2,Народно-освободительная армия Китая стягивает бронетехнику на пляжи провинции ФуцзяньЭто ближайшая к Тайваню провинция.
104,сша переходить рамка дозволять китай лишать сепаратист пособник малый шанс независимость тайвань мид кнр,2,"США переходят рамки дозволенного, Китай лишит сепаратистов и их пособников малейших шансов на независимость Тайваня — МИД КНР"
105,самолет нэнси пелосить борт вылетать малазийский куал лумпурасогласно озвучивать ранее информация визит малайзия пелось планировать посещать тайвань вместе пять член палата представитель демократический партия сша самый дело самолет пелось борт взять курс тайвань вылет пока непонятно,4,"Самолет с Нэнси Пелоси на борту вылетел из малазийского Куала-ЛумпураСогласно озвученной ранее информации, после визита в Малайзию Пелоси планирует посетить Тайвань вместе с 5 членами палаты представителей от Демократической партии США.На самом ли деле самолет с Пелоси на борту взял курс на Тайвань после вылета, пока непонятно."
106,соединять штат убивать главный лидер алькаида айман аз завахири кабул афганистан,1,"Соединенные Штаты убили главного лидера ""Аль-Каиды"" Аймана аз-Завахири в Кабуле, Афганистан"
107,российский нападать клуб национальный хоккейный лига миннесота кирилл каприз находиться сша сообщать портал the athletic ссылка источник нхл июль the athletic сообщать капризывать отказывать въезд сша предположительно отсутствие рабочий виза итог форвард вернуться россия шесть июль телегр канал shot сообщать каприз разыскиваться дело покупка военный билет поздно отец хоккеист олег каприз заявлять тасс сын военный билет иметь отсрочка прохождение служба,5,"Российский нападающий клуба Национальной хоккейной лиги ""Миннесота"" Кирилл Капризов находится в США, сообщает портал The Athletic со ссылкой на источники в НХЛ9 июля The Athletic сообщил, что Капризову было отказано во въезде в США предположительно из-за отсутствия рабочей визы. В итоге форвард вернулся в Россию. 6 июля телеграм-канал SHOT сообщил, что Капризов разыскивается по делу о покупке военного билета. Позднее отец хоккеиста Олег Капризов заявил ТАСС, что у его сына не было военного билета, так как он имеет отсрочку от прохождения службы."
108,первый случай смерть человек оспа обезьяна зафиксировать перо,1,Первый случай смерти человека от оспы обезьян зафиксирован в Перу
109,швейцария принимать й пакет санкция против россия включая эмбарго золото,0,"Швейцария приняла 7-й пакет санкций против России, включая эмбарго на золото"
110,число пострадать пожар склад ozon вырастать одиннадцать человек двое госпитализировать сообщать гу мчс отмечаться тушение привлекать группировка сто человек,8,"Число пострадавших при пожаре на складе Ozon выросло до 11 человек, двое госпитализированы, сообщили в ГУ МЧС.Отмечается, что к тушению привлечена группировка из почти 100 человек."
111,пожар склад озон происходить несоблюдение техника безопасность глава округ истра,8,"Пожар на складе ""Озона"" произошел из-за несоблюдения техники безопасности — глава округа Истра"
112,масштаб пожар склад ozon подмосковьепо предварительный данные пожар начинаться короткий замыкание сварочный работа результат загораться стеллаж,8,"Масштаб пожара на складе Ozon в ПодмосковьеПо предварительным данным, пожар начался из-за короткого замыкания или сварочных работ, в результате которых загорелись стеллажи."
113,нэнси пелось завершать свой однодневный визит тайвань готовиться покидать остров,2,Нэнси Пелоси завершает свой однодневный визит в Тайвань и готовится покинуть остров
114,близкий неделя сша предоставлять украина семьдесят пять тысяча мм артиллерийский снаряд белый дом,5,В ближайшие недели США предоставят Украине до 75 тысяч 155-мм артиллерийских снарядов — Белый Дом
115,пелось письменный заявление распространять прессслужба подчеркивать визит тайвань противоречить политика сша отношение китай,7,"Пелоси в письменном заявлении, распространенном ее пресс-службой, подчеркнула, что ее визит на Тайвань не противоречит политике США в отношении Китая"
116,визит пелось тайвань серьезно нарушать принцип китай положение китайскоамериканский коммюнике мид кнр,2,"Визит Пелоси на Тайвань серьезно нарушает принцип ""одного Китая"" и положения трех китайско-американских коммюнике — МИД КНР"
117,пелось выходить самолетаон официально прибывать тайвань,2,Пелоси вышла из самолетаОна официально прибыла на Тайвань.
118,борт пелось заходить посадка,1,Борт Пелоси заходит на посадку
119,восточный китайский провинция чжэцзян располагать север остров тайвань проводить морской учение стрельба восточнокитайский море август сообщать управление морской дело провинция учение проходить ежедневно местный время соответствующий акватория запрещать судоходство ранее управление морской безопасность кнр сообщать народный освободительный армия кнр ноака вторник приступать учение южнокитайский море фон вероятный визит тайвань спикер палата представитель конгресс сша нэнси пелось,2,"Восточная китайская провинция Чжэцзян, расположенная к северу от острова Тайвань, проведет морские учения со стрельбами в Восточно-Китайском море 3-5 августа, сообщило управление морских дел провинции Учения будут проходить ежедневно с 06:30 до 18:30 по местному времени. В соответствующей акватории запрещено судоходство. Ранее Управление морской безопасности КНР сообщило, что Народно-освободительная армия КНР (НОАК) во вторник приступила к учениям в Южно-Китайском море на фоне вероятного визита на Тайвань спикера Палаты представителей Конгресса США Нэнси Пелоси."
120,самолет борт предположительно лететь нэнси пелось должный приземляться течение минутлюди собираться аэропорт тайбэй,4,"Самолет, на борту которого, предположительно, летит Нэнси Пелоси, должен приземлиться в течение 10-15 минутЛюди собрались у аэропорта в Тайбэе."
121,десяток истребитель ввс сша подымать база япония курс тайваньненазванный количество истребитель су ввс китай пересекать тайваньский пролив направление остров,2,Десятки истребителей ВВС США подняты с баз в Японии курсом на ТайваньНеназванное количество истребителей Су-35 ВВС Китая пересекли Тайваньский пролив в направлении острова.
122,самолет мочь пелось заходить посадка сторона тайбэй сообщать сервис flightradar двадцать четыре,1,"Самолет, на котором может быть Пелоси, заходит на посадку в сторону Тайбэя, сообщает сервис Flightradar 24"
123,китайский истребитель су пересекать тайваньский пролив лететь сторона тайвань канал cgtn,2,"Китайские истребители Су-35 пересекают Тайваньский пролив, летят в сторону Тайваня - канал CGTN"
124,ввс китай направлять истребитель су тайваньский пролив передавать китайский портал юйюань таньтянь,2,"ВВС Китая направили истребители Су-35 в Тайваньский пролив, передает китайский портал ""Юйюань таньтянь""."
125,борт мочь находиться нэнси пелось начинать снижаться,1,"Борт, на котором может находиться Нэнси Пелоси, начал снижаться"
126,тайваньский телевидение сообщать введение страна второй уровень тревога,2,Тайваньское телевидение сообщило о введении в стране второго уровня тревоги
127,мид рф лавров вылетать мьянма отличие пелось министр лететь азия провокация сотрудничество,1,"МИД РФ: Лавров вылетает в Мьянму, но в отличие от Пелоси, министр летит в Азию не с провокацией, а для сотрудничества"
128,китайский провинция фуцзянь слышный пролет китайский истребитель сторона море сторона тайвань,2,"В Китайской провинции Фуцзянь слышны пролёты китайских истребителей в сторону моря, то есть в сторону Тайваня"
129,министр иностранный дело германия заявлять страна поддерживать тайвань любой вооруженный конфронтация китай,2,"Министр иностранных дел Германии заявила, что ее страна поддержит Тайвань в любой вооруженной конфронтации с Китаем"
130,китай закрывать гражданский самолет воздушный пространство страна направление тайваньский пролив,2,Китай закрывает для гражданских самолётов воздушное пространство страны в направлении Тайваньского пролива
131,истребитель ввс тайвань взять сопровождение спецборт правительство сша предположительно спикер палата представитель американский конгресс ненси пелось сми,4,"Истребители ВВС Тайваня взяли на сопровождение спецборт правительства США, на котором, предположительно, спикер Палаты представителей американского Конгресса Ненси Пелоси — СМИ"
132,тайваньский аэропорт суншань предположительный прибывать спикер палата представитель конгресс сша нэнси пелось снимать маскировочный чехол зенитный пушка сообщать тайбэйский газета цзыю шибао речь идти двуствольный артиллерийский установка класс земля воздух калибр тридцать пять мм использоваться борьба беспилотник барражировать боеприпасы орудие устанавливать рядом взлетнопосадочный полоса состояние готовность также приводить радиолокационный система,4,"Тайваньский аэропорт ""Суншань"", куда предположительное прибудет спикер Палаты представителей Конгресса США Нэнси Пелоси, снял маскировочные чехлы с зенитных пушек, сообщила тайбэйская газета ""Цзыю шибао"". Речь идет о двуствольных артиллерийских установках класса ""земля - воздух"" калибром 35 мм. Они используются для борьбы с беспилотниками или барражирующими боеприпасами. Орудия установлены рядом со взлетно-посадочной полосой. В состояние готовности также приведены радиолокационные системы"
133,борт spar нэнси пелось входить тайваньский зона пво,2,Борт SPAR19 с Нэнси Пелоси входит в тайваньскую зону ПВО
134,самый высокий небоскреб тайвань появляться надпись приветствовать нэнси пелосина башня загораться слово добро пожаловать тайвань спасибо tw сша,2,"На самом высоком небоскребе Тайваня появились надписи, приветствующие Нэнси ПелосиНа башне загораются слова ""добро пожаловать в Тайвань"", ""cпасибо"" и ""TW ❤️ США""."
135,спецборт спикер нэнси пелось приземляться тайбэйский аэропорт суншань вторник около местный время мск сообщать тайваньский телеканалдль обеспечение безопасность регулирование дорожный движение время перемещение кортеж задействовать мало триста сотрудник правоохранительный орган,4,"Спецборт спикера Нэнси Пелоси приземлится в тайбэйском аэропорту Суншань во вторник около 22:00 по местному времени (17:00 мск), сообщил тайваньский телеканалДля обеспечения безопасности и регулирования дорожного движения во время перемещения кортежа задействовано не менее 300 сотрудников правоохранительных органов"
136,nhk сообщать американский база окинава подымать восемь истребитель f пять самолет заправщик ввс сша,1,"NHK сообщает, что с американской базы на Окинаве подняты 8 истребителей F15 и 5 самолетов-заправщиков ВВС США"
137,данные reuters самолет пелось сей пора подавать запрос посадка тайвань,2,"По данным Reuters, самолет Пелоси до сих пор не подал запрос на посадку на Тайване"
138,американский спецборт мочь находиться пелось приближаться тайвань облетать акватория южнокитайский море индонезия филиппины,2,"Американский спецборт, на котором может находиться Пелоси, приближается к Тайваню, облетев акваторию Южно-Китайского моря над Индонезией и Филиппинами"
139,самолет борт мочь находиться нэнси пелось направляться тайваньский аэропорт суншаньявный подтверждение spar действительно направляться тайбэй диспетчер наземный служба спрашивать шифрование свой чужой также указывать пункт назначение рейс rcss означать аэропорт суншань тайбэй,4,"Самолет, на борту которого может находится Нэнси Пелоси, направляется в тайваньский аэропорт СуншаньЯвное подтверждение того, что SPAR19 действительно направляется в Тайбэй. Диспетчеры наземной службы, спрашивая о шифровании ""свой-чужой"", также указали пункт назначения рейса RCSS, что означает аэропорт Суншань, Тайбэй"
140,премьерминистр израиль яир лапид заявлять операция против движение исламский джихад достигать свой цель далеко продолжать смысл сообщать reuters перемирие газ начинаться местный время образ израиль палестина заключать перемирие посредничество египет военный операция рассвет израиль начинать пять август ход операция пострадать двести человек двадцать четыре погибать исламский джихад также запускать снаряд территория израиль однако успешно перехватывать израильский система железный купол сад сновидение,3,"Премьер-министр Израиля Яир Лапид заявил, что операция против движения «Исламский джихад» достигла своих целей и дальше «продолжать её смысла нет».Как сообщает Reuters, перемирие в Газе начнётся в 20:00 по местному времени. Таким образом Израиль и Палестина заключили перемирие при посредничестве Египта.Военную операцию «Рассвет» Израиль начал 5 августа. В ходе операции пострадали 203 человека, 24 — погибли. «Исламский джихад» также запускал снаряды по территории Израиля, однако их успешно перехватила израильская система «Железный купол».Сад Сновидений"
141,пелось покидать китайский республика тайвань успешный вчерашний визит дипломатический победа сша накал сторона кнр менее конфликт обостряться дразнить китай опасно россия лидер кнр си цзиньпина пожаловаться американский империализм выражать протест китайский чиновник также ограничиваться словесный угроза против тайвань кнр вводить дополнительный санкция начинать учение вблизи граница островной государство сад сновидение,2,"Пелоси покидает Китайскую Республику Тайвань после успешного вчерашнего визита. Это дипломатическая победа США после такого накала со стороны КНР. Тем не менее конфликт обостряется и дразнить Китай куда опаснее, чем Россию.Лидер КНР Си Цзиньпин уже пожаловался на «американский империализм» и выразил протест. Другие китайские чиновники также ограничились словесными угрозами. Против Тайваня КНР ввела дополнительные санкции и начала учения вблизи границ островного государства.Сад Сновидений"
142,ночь едва переходить острый фаза вялотекущий конфликт косов сербия косовский власть решать прекращать принимать сербский документ автомобильный номер требовать переоформление отдельный косовский документ свой очередь приниматься сербия результат сербский меньшинство становиться протестовать север косов преимущественно сербский сторона становиться готовиться война однако ситуация разрешать американский посол благодаря власть косов откладывать решение запрет сербский документ проблема снова обсуждать сентябрь косово располагать контингент нато собственный спецназ время армия сербия последний время активно закупать российский китайский вооружение конфликт тянуться начало девяностый регион преимущественно албанский население объявлять сецессия выходить состав югославия входить политический кризис середина нулевой ситуация удаваться стабилизировать косово становиться дефакто независимый северный часть попрежнему подчиняться сербский власть сад сновидение,10,"Ночью едва не перешёл в острую фазу вялотекущий конфликт между Косовом и Сербией. Косовские власти решили прекратить принимать сербские документы и автомобильные номера, требуя переоформления на отдельные косовские документы (которые, в свою очередь, не принимаются в Сербии). В результате сербское меньшинство стало протестовать — север Косова всё ещё преимущественно сербский.Стороны стали готовиться к войне, однако ситуацию разрешил американский посол. Благодаря ему власти Косова отложили решение о запрете сербских документов. Проблему снова обсудят 1 сентября. Косово располагает контингентом НАТО и собственным спецназом, в то время как армия Сербии последнее время активно закупала российское и китайское вооружение.Конфликт тянется с начала девяностых, когда регион с преимущественно албанским населением объявил о сецессии и вышел из состава Югославии, которая тогда уже входила в политический кризис. В середине нулевых ситуацию удалось стабилизировать — Косово стало де-факто независимым, но его северная часть по-прежнему подчиняется сербским властям.Сад Сновидений"
143,российский ракета попадать военный объект винницкий область пострадать гу подписываться,0,Российские ракеты попали в военные объекты в Винницкой области. Есть пострадавшие!ГУ > Подписаться
144,швеция хотеть присоединяться британский программа обучение украинский солдат сообщать прессслужба правительство швеция военный инструктор проводить подготовка наш боец находиться великобритания двенадцать август тридцать декабрь тысяча двадцать год гу подписываться,5,"Швеция хочет присоединиться к британской программе обучения украинских солдат Как сообщает пресс-служба правительства Швеции, военные инструкторы будут проводить подготовку наших бойцов и будут находиться в Великобритании с 12 августа по 31 декабря 2022 года.ГУ > Подписаться"
145,десять российский генерал погибать война украина данные владеть минобороны британиитакже указываться начало российский вторжение минимум шесть российский командующий увольнять гу подписываться,5,"10 российских генералов погибло на войне в Украине, — такими данными владеет Минобороны БританииТакже указывается, что с начала российского вторжения как минимум шесть российских командующих были уволены.ГУ > Подписаться"
146,рф контролировать юговосточный окраина песок всу держать оборона эксперт iswвражеские попытка продвигаться запад богородичный семнадцать км славянск полностью проваливаться оккупант вероятно иметь частничный успех вблизи бахмут данные аналитик захватить поселок майский семнадцать км город русский пытаться прорвать оборона всу югозапад донецк предел тридцать км граница запорожский область безуспешно гу подписываться,10,"РФ контролирует юго-восточную окраину Песков, но ВСУ держат оборону, – эксперты из ISWВражеские попытки продвинуться в западе Богородичного, в 17 км от Славянска полностью провалились.Оккупанты, вероятно, имеют частничный успех вблизи Бахмута. По данным аналитиков, они захватили поселок Майское, в 17 км от города.Русские пытались прорвать оборону ВСУ на юго-западе от Донецка и в пределах 30 км от границы с Запорожской областью, но безуспешно.ГУ > Подписаться"
147,рашист хотеть отступать херсонаорки заминировать жизненно важный коммуникация среди газоснабжение электроснабжение водоснабжение сообщать представитель гур мо андрей юсов стратегия террор выжигать земля готовиться россиянин контрнаступление украинский сила юг гу подписываться,5,"Рашисты хотят отступать из ХерсонаОрки заминировали жизненно важные коммуникации, среди которых газоснабжение, электроснабжение и водоснабжение, сообщает представитель ГУР МО Андрей Юсов.Это стратегия террора и выжженной земли, к которой готовятся россияне, перед контрнаступлением украинских сил на юге.ГУ > Подписаться"
148,снова угроза северный корея пообещать расплата вашингтон нэнси пелось посещать южный кореюпо мнение глава мид северный корея очередной проявление враждебный политика сша отношение государство гу подписываться,10,"И снова угрозы: Северная Корея пообещала «расплату» Вашингтону за то, что Нэнси Пелоси посетила Южную КореюПо мнению главы МИД Северной Кореи, это очередное проявление враждебной политики США по отношению к другим государствам.ГУ > Подписаться"
149,план ес снижение потребление газ отказываться поддерживать венгрия польша сообщать reuters ссылка документыоднако несогласие повлиять принятие план нуждаться поддержка сторона большинство пятнадцать страна ес гу подписываться,8,"❗️План ЕС по снижению потребления газа на 15% отказались поддержать Венгрия и Польша, сообщает Reuters со ссылкой на документыОднако, их несогласие не повлияло на принятие плана, который нуждался в поддержке со стороны большинства из 15 стран ЕС.ГУ > Подписаться"
150,сохраняться угроза ракетный удар весь территория украиныоб сообщать генштаб всу акватория черный море корабельный группировка противник продолжать выполнять определенный задача сохраняться угроза ракетный удар весь территория украина готовность применение высокоточный оружие находиться четыре носитель крылатый ракета морской базирование говориться сообщение гу подписываться,5,"Сохраняется угроза ракетных ударов по всей территории УкраиныОб этом сообщает Генштаб ВСУ.""В акватории Черного моря корабельная группировка противника продолжает выполнять определенные задачи. Сохраняется угроза ракетных ударов по всей территории Украины. В готовности к применению высокоточного оружия находятся четыре носители крылатых ракет морского базирования"", - говорится в сообщении.ГУ > Подписаться"
151,белый дом готовиться предоставлять украина новый пакет военный помощь размер млрд reuters данные агентство сша передавать боеприпасы бронировать медицинский транспорт гу подписываться,5,"Белый дом готовится предоставить Украине новый пакет военной помощи размером $1 млрд, — Reuters По данным агентства, США передадут боеприпасы и бронированный медицинский транспорт.ГУ > Подписаться"
152,армия израиль начинать широкомасштабный воздушный операция против исламский джихад сектор газа сообщать минобороны страна наш политика однозначный угрожать уничтожать заявлять глава ведомство бени ганца гу подписываться,3,"Армия Израиля начинает широкомасштабную воздушную операцию против «Исламского джихада» в Секторе Газа, сообщают в Минобороны страны«Наша политика однозначна – тот, кто нам угрожает, будет уничтожен», – заявил глава ведомства Бени Ганц.ГУ > Подписаться"
153,очень жесткий кадр уничтожение наблюдательный пост хамас сектор газа рамка операция рассвет армия израилегать подписываться,9,"Очень жесткие кадры уничтожения наблюдательных постов ХАМАС в Секторе Газа в рамках операции ""Рассвет"" от армии ИзраиляГУ > Подписаться"
154,рашист второй день обстреливать запорожский аэс сообщать энергоатоморка серьезно повреждать азотный кислородный станция объединять вспомогательный корпус иметься риск утечка водород распыление радиоактивный вещество высокий пожарный опасность гу подписываться,8,"Рашисты второй раз за день обстреляли Запорожскую АЭС, — об этом сообщает ЭнергоатомОрки серьезно повредили азотно-кислородную станцию и объединенный вспомогательный корпус. Имеются риски утечки водорода и распыления радиоактивных веществ. Высока пожарная опасность.ГУ > Подписаться"
155,сбу запускать онлайн сервис поиск военнопленный пропадать вестисообщать обстоятельство исчезновение человек онлайн форма отправлять данные конфиденциальный заверять спецслужба гу подписываться,10,"СБУ запустила онлайн-сервис по поиску военнопленных и пропавших без вестиСообщить об обстоятельствах исчезновения человека можно через онлайн-форму. Отправленные данные конфиденциальны, заверяют в спецслужбе.ГУ > Подписаться"
156,запорожская аэс поддаваться удар сторона российский войско сообщать энергоатом иметься информация зафиксировать прилет возле промышленный площадка заэсг подписываться,0,"❗️Запорожская АЭС поддалась ударам со стороны российских войск, сообщает «Энергоатом». По имеющейся информации, зафиксировано три «прилета» возле промышленной площадки ЗАЭСГУ > Подписаться"
157,уважаемый украинец просьба занимать надобность трамвай близкий времяпо льгота поехать ракета himars вместе кукуха российский пропагандон гу подписываться,5,"Уважаемые украинцы, просьба не занимать без надобности трамваи в ближайшее времяПо льготе поедут ракеты для HIMARS. Вместе с кукухой российских пропагандонов.ГУ > Подписаться"
158,китай приостанавливать сотрудничество сша борьба наркотик сми ссылка мид кнрга подписываться,7,"Китай приостанавливает сотрудничество с США по борьбе с наркотиками, — СМИ со ссылкой на МИД КНРГУ > Подписаться"
159,ес вводить санкция против янукович сын живгу подписываться,1,ЕС ввел санкции против Януковича и его сына. Он еще живГУ > Подписаться
160,сша откладывать испытание ракета minuteman iii напряженность вокруг тайвань сообщать the world street journalпредставитель пентагон заявлять министр оборона ллойд остин отдавать приказ отсрочка избегать дальнейший обострение отношение китай поскольку китайский военный участвовать демонстрация сила вблизи тайвань гу подписываться,2,"США отложили испытание ракеты Minuteman III из-за напряженности вокруг Тайваня, сообщает The World Street JournalПредставитель Пентагона заявил, что министр обороны Ллойд Остин отдал приказ об отсрочке, чтобы избежать дальнейшего обострения отношений с Китаем, поскольку китайские военные участвуют в демонстрации силы вблизи Тайваня.ГУ > Подписаться"
161,северная корея выходить договор нераспространение ядерный оружие законный основание иметь право самооборона сообщать сми ссылка заявление постпредство кндр оонмир катиться пропасть гу подписываться,10,"❗️Северная Корея вышла из Договора о нераспространении ядерного оружия на законных основаниях и имеет право на самооборону, — об этом сообщают СМИ со ссылкой на заявление постпредства КНДР при ООНМир катится в пропасть.ГУ > Подписаться"
162,космический страсть новый российский спутник шпион космос запускать слежка американский спутник usa такое предположение высказывать нидерландский специалист спутниковый отслеживание марко лангбрук сообщать space com гу подписываться,0,"Космические страсти: новый российский спутник-шпион ""Космос 2558"" запустили для слежки за американским спутником USA 326Такое предположение высказал нидерландский специалист по спутниковому отслеживанию Марко Лангбрук, сообщает Space.com.ГУ > Подписаться"
163,запорожский аэс захватить рашист полностью выходить изпод контроль организация сообщать магатэ весь принцип ядерный безопасность нарушать карта поставлять чрезвычайно серьезный опасный дело специалист магатэ необходимо отправляться запорожье предотвращение ядерный авария гу подписываться,10,"Запорожская АЭС, которую захватили рашисты, полностью вышла из-под контроля организации, – об этом сообщило МАГАТЭ«Все принципы ядерной безопасности были нарушены. На карту поставлено чрезвычайно серьезное и опасное дело. Специалистам МАГАТЭ необходимо отправиться в Запорожье для предотвращения ядерной аварии».ГУ > Подписаться"
164,блинкен глава мид кнр ход встреча g прошлый месяц обсуждать возможный визит пелось тайвань сми ссылка представитель госдепартаментага подписываться,4,"❗️Блинкен и глава МИД КНР в ходе встречи G20 ещё в прошлом месяце обсуждали возможный визит Пелоси на Тайвань, — СМИ со ссылкой на представителя ГосдепартаментаГУ > Подписаться"
165,сегодня нэнси пелось встречаться главый тайваньский администрация цай инвэнь сегодня наш делегация очень гордиться прибывать тайвань давать понимать отказываться наш приверженность тайвань гордиться наш дружба прошедший испытание время заявлять спикер палата представитель конгресс сша свой очередь цай инвэнь отмечать тайвань отступать лицо военный угроза укреплять свой обороноспособность гу подписываться,4,"Сегодня Нэнси Пелоси встретилась с с главой тайваньской администрации Цай Инвэнь""Сегодня наша делегация, чем я очень горжусь, прибыла на Тайвань, чтобы дать понять, что мы не откажемся от нашей приверженности Тайваню и мы гордимся нашей дружбой, прошедшей испытание временем"", — заявила спикер Палаты представителей Конгресса США.В свою очередь Цай Инвэнь отметила, что Тайвань не отступит перед лицом военных угроз и будет укреплять свою обороноспособность.ГУ > Подписаться"
166,байден уважать решение пелось поехать тайвань белый домпрезидент сша уточнять пойти поездка спикер палата представитель тайвань польза интерес штат время сша хотеть создавать кризис отношение кнр намерен бряцать оружие поддерживать независимость тайвань гу подписываться,4,"Байден уважает решение Пелоси поехать на Тайвань, — Белый ДомПрезидент США не уточнил, пойдёт ли поездка спикера Палаты представителей на Тайвань на пользу интересам Штатов.В то же время США не хотят создавать кризис в отношениях с КНР, не намерены «бряцать оружием» и не поддерживают независимость Тайваня.ГУ > Подписаться"
167,комитет сенат сша международный отношение собираться август рассмотрение законопроект политика отношение тайвань писать defense newsгу подписываться,4,"Комитет Сената США по международным отношениям соберется 3 августа для рассмотрения законопроекта о политике в отношении Тайваня, — об этом пишет Defense NewsГУ > Подписаться"
168,восточное военный командование кнр заявлять начало учение вокруг тайвань сегодня вечер проводить совместный военный операция вокруг остров тайвань август местный время говориться заявление командование гу подписываться,2,"❗️Восточное военное командование КНР заявило о начала учений вокруг Тайваня уже сегодня вечером«Мы будем проводить совместные военные операции вокруг острова Тайвань со 2 августа по местному времени», - говорится в заявлении командования.ГУ > Подписаться"
169,возможный словесный ответ китай визит пелосиармия китай четыре семь август проводить учение шесть район вокруг остров тайвань сообщать агентство синьхуа район учение карта гу подписываться,2,А вот и возможный не словесный ответ Китая на визит ПелосиАрмия Китая с 4 по 7 августа проведет учения в шести районах вокруг острова Тайвань.Об этом сообщает агентство Синьхуа. Районы учений – на карте.ГУ > Подписаться
170,китайские истребитель су пересекать тайваньский пролив лететь сторона тайвань сообщать канал cgtnгу подписываться,2,"❗️Китайские истребители Су-35 пересекают Тайваньский пролив, летят в сторону Тайваня — об этом сообщает канал CGTNГУ > Подписаться"
171,тайваньский аэропорт суншань предположительный прибывать спикер палата представитель конгресс сша нэнси пелось снимать маскировочный чехол зенитный пушка сообщать сми гу подписываться,4,"❗️Тайваньский аэропорт ""Суншань"", куда предположительное прибудет спикер Палаты представителей Конгресса США Нэнси Пелоси, снял маскировочные чехлы с зенитных пушек, — об этом сообщают СМИ ГУ > Подписаться"
172,китайскую межконтинентальный ракета dfb кудато везутdfb иметь предполагаемый дальность километр мочь нести водородный боеголовка гу подписываться,2,⚡️⚡️Китайскую межконтинентальную ракету DF5b куда-то везутDF5b имеет предполагаемую дальность 12.000-15.000 километров и может нести 3-8 водородных боеголовок.ГУ > Подписаться
173,китайские военный самолет пролететь линия разделять тайваньский пролив reutersгу подписываться,2,"⚡️Китайские военные самолеты пролетели над линией, разделяющей Тайваньский пролив, — ReutersГУ > Подписаться"
174,самолет нэнси пелосить борт резко повертывать сторона тайванять время сайт администрация президент тайвань подвергаться кибератака открываться обстановка накаляться гу подписываться,4,"Самолет с Нэнси Пелоси на борту резко повернул в сторону ТайваняВ то же время, сайт администрации президента Тайваня подвергся кибератаке. Сейчас он не открывается.Обстановка накаляется.ГУ > Подписаться"
175,самолет нэнси пелось следить онлайн двести шестьдесят тысяча человек число каждый минута растеткак следовать данные сервис flightradar данный момент спецборт ввс сша спикер палата представитель сша вылетать куалалумпур направляться сторона индонезия гу подписываться,4,"За самолетом Нэнси Пелоси следят онлайн уже 262 тысячи человек — их число с каждой минутой растетКак следует из данных сервиса «Flightradar», в данный момент спецборт ВВС США со Спикером палаты представителей США вылетел из Куала-Лумпура и направляется в сторону Индонезии.ГУ > Подписаться"
176,в провинция фуцзянь видеть китайский баллистический ракета df как писать сми дальность полет ноль км гу подписываться,2,"❗️В провинции Фуцзянь видели китайские баллистические ракеты DF-16Как пишут СМИ, дальность ее полета — 1 000 км.ГУ > Подписаться"
177,китайские истребитель подымать находиться пролив тайвань китай писать reutersгу подписываться,2,❗️Китайские истребители подняты и находятся в проливе между Тайванем и Китаем — об этом пишет ReutersГУ > Подписаться
178,видео кадр военный учение китай проходить провинция фуцзянь вблизи тайвань сегодня ожидать спикер нижний палата конгресс сша нэнси пелосиг подписываться,2,"На видео — кадры военных учений Китая, которые проходят в провинции Фуцзянь вблизи Тайваня, где сегодня ожидают спикера нижней палаты Конгресса США Нэнси ПелосиГУ > Подписаться"
179,сша собираться одобрять новый пакет помощь украина пятьсот пятьдесят миллион доллар сфера оборона заявлять белый домв должный входить снаряд рсзо himars боеприпасы артиллерийский орудие калибр сто пятьдесят пять мм гу подписываться,5,"❗️США собираются одобрить новый пакет помощи Украине на 550 миллионов долларов в сфере обороны, заявил Белый домВ него должны войти снаряды для РСЗО HIMARS и боеприпасы для артиллерийских орудий калибра 155 мм.ГУ > Подписаться"
180,макрон называть обстрел еленовка погибать украинский военнопленный бойня совершать российский вооруженный сила выражать поддержка украинский народ сопротивление елисейский дворец телефонный разговор макрон зеленскогога подписываться,5,"Макрон назвал обстрел Еленовки, где погибли украинские военнопленные, ""бойней, совершённой российскими вооруженными силами"" и выразил поддержку украинскому народу и его сопротивлению, — Елисейский дворец о телефонном разговоре Макрона и ЗеленскогоГУ > Подписаться"
181,президент владимир зеленский проводить телефонный разговор лидер франция эммануэль макрономкак сообщаться сайт офис президент переговоры продолжаться полтора час зеленский проинформировать французский коллега ход противодействие российский агрессия ситуация поле бой также сторона обсуждать сотрудничество сфера безопасность поставка оружие украина гу подписываться,5,"❗Президент Владимир Зеленский провел телефонный разговор с лидером Франции Эммануэлем МакрономКак сообщается на сайте Офиса Президента, переговоры продолжались полтора часа.Зеленский проинформировал французского коллегу о ходе противодействия российской агрессии и ситуации на поле боя, а также стороны обсудили сотрудничество в сфере безопасности и поставки оружия Украине.ГУ > Подписаться"
182,власть евросоюз запрещать закупка уголь россиисоответствовать эмбарго вступать сила понедельник август мера предусматривать пятый пакет санкция против рф утверждать апрель тысяча двадцать год сообщать прессслужба европейский комиссия принятие пятый пакет санкция страна европейский союз ежегодно покупать предприятие российский федерация уголь восемь млрд доллар гу подписываться,10,"Власти Евросоюза запретили закупку угля из РоссииСоответствующее эмбарго вступило в силу с понедельника, 1 августа. Такую меру предусматривает пятый пакет санкций против РФ - его утвердили в апреле 2022 года, сообщает  пресс-служба Европейской комиссии.До принятия пятого пакета санкций страны Европейского союза ежегодно покупали у предприятий из Российской Федерации угля на 8 млрд долларов. ГУ > Подписаться"
183,первое судно зерно покидать порт одесса сообщать сппгу подписываться,1,❗️Первое судно с зерном покинуло порт Одессы — об этом сообщает CNNГУ > Подписаться
184,первый начало российский полномасштабный вторжение украина судно зерно выходить порт черный море август гу подписываться,5,Первое с начала российского полномасштабного вторжения в Украину судно с зерном выйдет из порта в Черном море 1 августа в 8:30ГУ > Подписаться
185,ермак салливан поговорить усиление вооружение весь ждать поставка пво,1,#Ермак и Салливан поговорили об усилении вооружения. Все мы ждем поставок ПВО.
186,байден висловлював своє захопленний лідерством зеленський воєнний час і має твердие намир продовжуватить підтримувати україну це заявлять координатор з комунікацій раді нацбезпек сша джон кірбі коментуюч статть the new york times де йдеться що між білим дом зеленський існує глибок недовіра,5,"🇺🇸🇺🇦 Байден висловлював своє захоплення лідерством Зеленського у воєнний час і має твердий намір продовжувати підтримувати Україну.Про це заявив координатор з комунікацій у Раді нацбезпеки США Джон Кірбі, коментуючи статтю The New York Times, де йдеться, що ""Між Білим домом та Зеленським існує глибока недовіра"""
187,пелось утирать нос си вряд скоро оклематься,1,"#Пелоси только что утерла нос Си, да так, что он вряд ли скоро оклемается."
188,зеленский макрон обсуждать помощь вооружение франция,1,#Зеленский и Макрон обсудили помощь вооружениями от Франции.
189,британский газета the times проводить собственный расследование связывать госпитализация чубайс приходить вывод мочь отравлять антивоенный настроение пример приводить сергей скрипаль становиться жертва инакомыслие высокопоставленный кремлевский чиновник уходить отставка знак протест против срочно доставлять реанимация побуждать сотрудник разведка расследовать отравлять крайний мера европейский разведывательный агентство изучать обстоятельство болезнь чубайс фон предположение возможно последний инакомыслящий становиться жертва внесудебный отравление число сергей скрипаль писать издание эбаутраша,10,"Британская газета The Times провела собственное расследование, связанное с госпитализацией Чубайса и пришла к выводу, что его могли отравить за антивоенные настроения. В пример приводят Сергея Скрипаля, который стал жертвой за инакомыслие. «Высокопоставленный кремлевский чиновник, ушедший в отставку в знак протеста против в****, был срочно доставлен в реанимацию, что побудило сотрудников разведки расследовать, был ли он отравлен. По крайней мере одно европейское разведывательное агентство изучало обстоятельства болезни Чубайса на фоне предположений о том, что он, возможно, был последним инакомыслящим, ставшим жертвой внесудебных отравлений, в том числе Сергея Скрипаля», — пишет издание.#эбаутраша"
190,шумок ото день разливаться синева агитатор контрактный служба разворачивать мобильный военкомат место скопление человек пермь смекать день вдв уравнение бухий десантник возможность проявлять свой отвага поле бой сумма давать пополнение ряд отправляться украина гений маркетинг,5,"Под шумок ото дня разлившейся синевы, агитаторы на контрактную службу разворачивают мобильные военкоматы в местах скопления людей. В Перми смекнули, что в День ВДВ уравнение из бухих десантников и возможности проявить свою отвагу на поле боя в сумме дает пополнение в рядах тех, кто отправляется на Украину.Гении маркетинга."
191,сша сталинист сходка часть открытие филиал организация центр политический инновация выходить флаг китай днр z гимн сша,7,"В США сталинисты на сходке в часть открытия филиала организации «центр политических инноваций» вышли с флагами Китая, ДНР и Z под гимн США."
192,российский сми переживать высокий цена энергоноситель немецкий пенсионер приходиться зимовать средиземноморский курорт,0,"Российские СМИ переживают, что из-за высоких цен на энергоносители немецким пенсионерам приходится зимовать на средиземноморских курортах."
193,китай сгорать старый мир деревянный мост летний пиннань ваньань город ниндэ пожар начинаться вечер шесть август момент огонь потушить национальный китайский реликвия ничто оставаться,8,"В Китае сгорел старейший в мире деревянный мост – 900-летний Пиннань Ваньань в городе Ниндэ. Пожар начался вечером 6 августа. К моменту, когда огонь был потушен, от национальной китайской реликвии ничего не осталось."
194,американский баскетболистка бриттня грайнер российский суд давать девять год колония контрабанда наркотик вместе приговаривать шпионаж американец пол уилан мочь обменять сидеть сша россиянин писать сми частность сидеть американский тюрьма оружейный барон виктор бут байден называть приговор неприемлемый пообещать сделать возможный вернуть грайнер уилан домой,0,"Американской баскетболистке Бриттни Грайнер российский суд дал девять лет колонии за контрабанду наркотиков. Её вместе с ещё одним приговорённым за шпионаж американцем Полом Уиланом могут обменять на сидящих в США россиян, писали СМИ. В частности — на сидящего в американской тюрьме «оружейного барона» Виктора Бута.Байден уже назвал приговор неприемлемым и пообещал сделать всё возможное, чтобы вернуть Грайнер и Уилана домой"
195,человек погибать пожар склад ozon тринадцать пострадать писать риа новость ссылка экстренный служба поджог рассматриваться основной версия причина пожар,8,"1 человек погиб при пожаре на складе Ozon, еще 13 пострадали, пишут РИА Новости со ссылкой на экстренные службы. Поджог рассматривается как основная версия причины пожара."
196,система himars настолько пугать российский военный украина отбивать желание воевать далеко минобороны россия вынуждать регулярно врать уничтожение хаймарс заставлять врать т н военкор подымать боевой дух войско деморализация россиянин сообщать аналитик институт исследование война isw украинский военный заявлять himars россиянин уничтожать удаваться никакой убедительный доказательство обратный кроме весьма сомнительный видео российский минобороны представлять,5,"Системы HIMARS настолько пугают российских военных в Украине и отбивают у них желание воевать дальше, что Минобороны России вынуждено регулярно врать об уничтожении «хаймарсов» и заставлять врать про то же т.н. «военкоров», чтобы поднять боевой дух войск.О деморализации россиян сообщают аналитики Института исследования войны (ISW). Украинские же военные заявляют, что ни одного HIMARS россиянам уничтожить так и не удалось — тем более что никаких убедительных доказательств обратного, кроме весьма сомнительных видео, российское Минобороны так ни разу и не представило"
197,армия китай заявлять проведение четыре семь август военный учение шесть район вокруг тайвань,2,Армия Китая заявила о проведении с 4 по 7 августа военных учений в шести районах вокруг Тайваня.
198,сообщение минобороны ра август скоропостижный скончаться военнослужащий контрактник n й воинский часть рядовой аршалуйс врамович ованнисян г р установление причина смерть назначать судебномедицинский,10,"⚡️Сообщение Минобороны РА:7 августа скоропостижно скончался военнослужащий-контрактник N-й воинской части, рядовой Аршалуйс Врамович Ованнисян (1976 г.р.). Для установления причины смерти назначена судебно-медицинская экспертиза.@bagramyan26"
199,азербайджан должный понести ответственность очередной нарушение соглашение прекращение огонь армения призывать госдеп использовать весь свой дипломатический инструмент привлекать режим алиев ответственность нападение арцах предотвращать будущий злодеяние член палата представитель сша ян,10,"❗️«Азербайджан должен понести ответственность за очередное нарушение соглашения о прекращении огня с Арменией. Я призываю Госдеп использовать все свои дипломатические инструменты, чтобы привлечь режим Алиева к ответственности за его нападения на Арцах и предотвратить будущие злодеяния»: Член Палаты представителей США Ян Шаковски@bagramyan26"
200,президент россия турция прибыль сочи скоро начинаться переговоры лидер страна ожидаться обсуждение становиться проблема нагорный карабах частность последний эскалация подписываться канал,6,"Президенты России и Турции прибыли в Сочи, где скоро начнутся переговоры между лидерами стран.  Ожидается, что одной из тем обсуждения станет проблема Нагорного Карабаха, в частности, последняя эскалация. @KarabakhRecords → подписаться на канал"
201,глубоко обеспокоить безопасность жить нагорный карабах вокруг сообщение возобновление боевой действие район хотеть возврат широкомасштабный боевой действие тысяча двадцать год призывать принимать немедленный мера снижение напряженность недопущение дальнейший эскалация постпред сша обсе посол майкл,10,"«Глубоко обеспокоен безопасностью тех, кто живет в Нагорном Карабахе и вокруг него из-за сообщений о возобновлении боевых действий в этом районе. Мы не хотим возврата к широкомасштабным боевым действиям, как это было в 2020 году, и призываем принять немедленные меры по снижению напряженности и недопущению дальнейшей эскалации»: Постпред США при ОБСЕ, посол  Майкл Карпентер@bagramyan26"
202,глубоко обеспокоить сообщение возобновление насилие нагорный карабах особенно гибель человек предосудительный публикация минобороны азербайджан кадр свой авиаудар гордиться сенатор сша джек,1,"«Глубоко обеспокоен сообщениями о возобновлении насилия в Нагорном Карабахе, особенно о гибели людей. Предосудительны публикации Минобороны Азербайджана кадров своего авиаудара, как будто этим можно гордиться»: Сенатор США Джек Рид@bagramyan26"
203,видеть конкретный предложение премьерминистр армения хотеть вносить обсуждение контекст российский миротворческий операция нагорный карабах мочь гадать любой сторона договоренность достигать президент россия азербайджан премьерминистр армения вправе предлагать дополнительный инициатива пока видеть глава мид рф сергей лавров прессконференция пномпененапоминать четыре август ход заседание правительство премьерминистр армения никола пашинян отмечать происходить событие вызывать общество вопрос связывать миротворческий миссия нагорный,6,"«Мы не видели конкретных предложений, которые премьер-министр Армении хочет внести для обсуждения в контексте российской миротворческой операции в Нагорном Карабахе, я не могу сейчас гадать. Любая из сторон договоренностей, которые были достигнуты президентами России, Азербайджана и премьер-министром Армении, конечно же, вправе предлагать дополнительные инициативы. Пока мы их не видели»: глава МИД РФ Сергей Лавров на пресс-конференции в ПномпенеНапомним, что 4 августа в ходе заседания правительства премьер-министр Армении Никол Пашинян отметил, что происходящие события вызывают у общества вопросы связанные с миротворческой миссией в Нагорном Карабахе@bagramyan26"
204,генеральный секретарь оон антониу гутерриш обеспокоить сообщение усиление напряженность нагорный карабах призывать сторона проявлять сдержанность сообщать официальный представитель гутерриш стефан дюжаррик призывать сторона проявлять сдержанность решать весь остальной вопрос путем диалог сказать,10,"❗️Генеральный секретарь ООН Антониу Гутерриш обеспокоен сообщениями об усилении напряженности в Нагорном Карабахе и призывает стороны проявлять сдержанность. Об этом сообщил официальный представитель Гутерриша Стефан Дюжаррик.«Призываем стороны проявить сдержанность и решить все остальные вопросы путем диалога», - сказал чиновник.@bagramyan26"
205,полный речь премьерминистр армения никола пашинян ситуация вокруг нагорный,1,Полная речь премьер-министра Армении Никола Пашиняна о ситуации вокруг Нагорного Карабаха@bagramyan26
206,секретариат одкб обеспокоить информация вооруженный столкновение происходить нагорный карабах приводить человеческий жертва выражать глубокий соболезнование родные близкие погибший военнослужащий призывать сторона конфликт воздерживаться применение сила использовать преодоление существующий разногласие исключительно дипломатический метод генсек одкб станислав,10,"«В Секретариате ОДКБ обеспокоены информацией о вооруженных столкновениях, произошедших в Нагорном Карабахе, и приведших к человеческим жертвам. Выражаю глубокие соболезнования родным и близким погибших военнослужащих. Призываем стороны конфликта воздерживаться от применения силы и использовать для преодоления существующих разногласий исключительно дипломатические методы»: Генсек ОДКБ Станислав Зась@bagramyan26"
207,поддерживать арцах призывать урсула фон дер ляйен жозеп боррель осуждать нападение ильхама алиев депутат европейский парламент петер ван,1,«Я поддерживаю Арцах и призываю Урсулу фон дер Ляйен и Жозепа Борреля осудить нападение Ильхама Алиева!»: депутат Европейского парламента Петер ван Дален@bagramyan26
208,крайне обеспокоить сообщение вооруженный инцидент жертва южный кавказ призывать армения азербайджан принимать весь необходимый мера деэскалация возобновление диалог попрежнему полный решимость поддерживать весь усилие направлять укрепление мир регион польский председательство,10,"«Мы крайне обеспокоены сообщениями о вооруженных инцидентах и жертвах на Южном Кавказе. Призываем Армению и Азербайджан принять все необходимые меры для деэскалации и возобновления диалога. Мы по-прежнему полны решимости поддерживать все усилия, направленные на укрепление мира в регионе»:Польское председательство в ОБСЕ@bagramyan26"
209,по сообщение армянский сми погибать военнослужащий заявлять армия оборона получать смертельный ранение район дрмбон противник открывать огонь располагать село воинский,5,"⚡️По сообщениям армянских СМИ, погибший военнослужащий, о котором заявила Армия обороны, получил смертельное ранение в районе Дрмбона. Противник открыл огонь по расположенной в селе воинской части.@bagramyan26"
210,спикер палата представитель сша нэнси пелось покидать,1,⚡️ Спикер палаты представителей США Нэнси Пелоси покинулa Тайвань.@bagramyan26
211,визит пелось тайвань отражать стремление сша доказывать свой безнаказанность браться судить двигать отражать самый линия говорить применительно украинский ситуация сомнение вызывать стремление доказывать весь безнаказанность проявлять свой вседозволенность хотеть воротить примерно глава мид рф сергей лавров прессконференция мьянма,4,"«Визит Пелоси на Тайвань отражает стремление США доказать всем свою безнаказанность. Не берусь судить, что ими двигало, но то, что это отражает ту же самую линию, о которой мы говорим применительно к украинской ситуации, у меня сомнений не вызывает. Это стремление доказать всем и вся безнаказанность и проявлять свою вседозволенность. Что хочу, то и ворочу — примерно так»: глава МИД РФ Сергей Лавров на пресс-конференции в Мьянме @bagramyan26"
212,наш делегация конгресс иметь большой честь встречаться вицепрезидент законодательный собрание цай чи чанг тайбэй тайвань подтверждать наш непоколебимый поддержка тайваньский демократия число вопрос безопасность стабильность экономический рост управление спикер палата представитель сша нэнси,4,"«Наша делегация Конгресса имела большую честь встретиться с вице-президентом Законодательного собрания Цай Чи-чангом здесь, в Тайбэе (Тайвань).Мы подтвердили нашу непоколебимую поддержку тайваньской демократии, в том числе в вопросах безопасности и стабильности, экономического роста и управления»: Спикер палаты представителей США Нэнси Пелоси@bagramyan26"
213,сегодня день память жертва геноцид езид шангала август тысяча четырнадцать год жертва геноцид становиться около десять тысяча человек четыреста тысяча человек становиться беженец террорист игил похищать шесть тысяча женщина ребенок тысяча человек пропадать весть обнаруживать восемьдесят массовый захоронение сегодня езида весь мир число армения переживать трагедия вместе свой народ ирак вспоминать жертва геноцид наверное никто мир понимать боль езид чувствовать армянин свой время осуждать геноцид армянин геноцид езид мочь имя редакция приносить соболезнование братский езидский народ помнить,10,"Сегодня День памяти жертв геноцида езидов в Шангале!3 августа 2014 года жертвами геноцида стали около 10 тысяч человек. Еще 400 тысяч человек стали беженцами. Террористы ИГИЛ похитили более 6000 женщин и детей, более 2000 человек пропали без вести, обнаружено более 80 массовых захоронений.Сегодня езиды всего мира, в том числе в Армении, переживают эту трагедию вместе со своим народом в Ираке и вспоминают жертв геноцида. Наверное никто в мире не понимает боль езидов так, как чувствуют ее армяне, ведь если бы в свое время был осужден Геноцид армян, Геноцида езидов могло бы не быть. От имени редакции @bagramyan26 приносим соболезнования братскому езидскому народу! Помним и скорбим!@bagramyan26"
214,заявление спикер палата представитель сша нэнси пелось визит тайвань наш визит являться часть наш широкий поездка индо тихоокеанский регион включая сингапур малайзия южный корея япония акцент взаимный безопасность экономический партнерство демократический управление наш обсуждение руководство тайвань сосредотачивать подтверждение наш поддержка наш партнер продвижение наш общий интерес включая продвижение свободный открывать индо тихоокеанский регион солидарность америка миллионный население тайвань сегодня важный когдалибо поскольку мир стоять выбор автократия демократия наш делегация являться несколько делегация конгресс тайвань никой образ противоречить давний политика соединенный штат основывать закон отношение тайвань тысяча девятьсот семьдесят девять год совместный коммюнике сша китай шесть заверение соединенный штат продолжать выступать против односторонний усилие изменение,4,"⚡️Заявление спикера Палаты представителей США Нэнси Пелоси о визите на Тайвань«Наш визит является частью нашей более широкой поездки в Индо-Тихоокеанский регион, включая Сингапур, Малайзию, Южную Корею и Японию, с акцентом на взаимную безопасность, экономическое партнерство и демократическое управление. Наши обсуждения с руководством Тайваня будут сосредоточены на подтверждении нашей поддержки нашего партнера и  продвижении наших общих интересов, включая продвижение свободного и открытого Индо-Тихоокеанского региона. Солидарность Америки с 23-миллионным населением Тайваня сегодня важнее, чем когда-либо, поскольку мир стоит перед выбором между автократией и демократией. Нашa делегация является одной из нескольких делегаций Конгресса на Тайване, и никоим образом не противоречит давней политике Соединенных Штатов , основанной на Законе об отношениях с Тайванем 1979 года, Совместных коммюнике США и Китая и Шести заверениях. Соединенные Штаты продолжают выступать против односторонних усилий по изменению статус-кво»@bagramyan26"
215,заявление мид китай министерство иностранный дело китай резко осуждать визит спикер палата представитель сша нэнси пелось тайваньский регион китай несмотря предупреждение китайский сторона министерство заявлять визит посылать неверный сигнал сепаратистский сила стремиться независимость тайвань мид китай направлять американский сторона нота,2,"Заявление МИД Китая Министерство иностранных дел Китая резко осуждает визит спикера Палаты представителей США Нэнси Пелоси в тайваньский регион Китая, несмотря на предупреждения китайской стороны.Министерство заявляет, что визит послал «неверные сигналы» сепаратистским силам, стремящимся к «независимости Тайваня».МИД Китая направило американской стороне ноту протеста.@bagramyan26"
216,правительственный самолет сша boeing c предположительно находиться ненси пелосси совершать посадка аэропорт,1,"⚡️Правительственный самолет США Boeing C-40, на котором предположительно находится Ненси Пелосси совершил посадку в аэропорту Тайбэя@bagramyan26"
217,глубоко опечаливать десяток жертва наводнение исламский республика иран выражать искренний соболезнование родные близкие погибший наш поддержка народ правительство дружественный иран мид,1,❗️«Глубоко опечалены десятками жертв наводнений в Исламской Республике Иран. Выражаем искренние соболезнования родным и близким погибших. Наша поддержка народу и правительству дружественного Ирана»: МИД Армении@bagramyan26
218,геноцид армянин официально признавать тридцать страна число сша оон должный замешать отказ турция история председатель генеральный ассамблея оон абдулла шахид ошибаться удалять свой твит капитулировать давление турция конгрессмен френк,10,"«Геноцид армян официально признали 33 страны, в том числе США. ООН не должна быть замешана в отказе Турции от истории. Председатель Генеральной Ассамблеи ООН Абдулла Шахид ошибся, удалив свой твит и капитулировав перед давлением Турции»: Конгрессмен Френк Паллоне@bagramyan26"
219,сегодня исполняться сорок семь год день подписание хельсинкский заключительный акт базовый документ обсе знаковый достижение европейский безопасность агрессивный война азербайджан против арцах тысяча двадцать год являться вопиющий нарушение принцип обсе безнаказанный вызов всеобъемлющий концепция безопасность посольство армения австрия словакия постпредство армения,10,"«Сегодня исполняется 47 лет со дня подписания Хельсинкского Заключительного акта, базового документа ОБСЕ и знакового достижения европейской безопасности. Агрессивная война Азербайджана против Арцаха в 2020 году явилась вопиющим нарушением принципов ОБСЕ и безнаказанным вызовом всеобъемлющей концепции безопасности»: посольство Армении в Австрии/Словакии, Постпредство Армении в ОБСЕ@bagramyan26"
220,пресс служба армия оборона арцах сообщать состояние раненый накануне военнослужащий альберт владикович бахшиян удовлетворительный угроза жизнь,1,"⚡️Пресс-служба Армии обороны Арцаха сообщает, что состояние раненого накануне военнослужащего Альберта Владиковича Бахшияна удовлетворительное, угрозы жизни нет.@bagramyan26"
221,российский сми освещать каждый шаг время вчерашний инцидент косово никакой российский присутствие сегодня многозначительно молчать серьезный счет эскалация арцах российский военный присутствие логично правда первый случай,5,"Российские СМИ, которые освещали каждый шаг во время вчерашних инцидентов в Косово, где нет никакого российского присутствия, сегодня многозначительно молчат о серьезной, уже которой по счету эскалации в Арцахе, где есть российское военное присутствие.Логично, правда? И это не первый такой случай."
222,президент арцах араик арутюнян август проводить совещание участие представитель силовой структура министр оборона камо варданян выступать доклад оперативно тактический обстановка передовая линия обсуждение президент арутюнян давать собираться ряд неотложный поручение встреча принимать участие руководитель аппарат президент карен шахраманян секретарь совет безопасность виталий баласанян,10,❗️Президент Арцаха Араик Арутюнян 1 августа провел совещание с участием представителей силовых структур. Министр обороны Камо Варданян выступил с докладом об оперативно-тактической обстановке на передовой линии. После обсуждений президент Арутюнян дал собравшимся ряд неотложных поручений. Во встрече приняли участие руководитель аппарата президента Карен Шахраманян и секретарь Совета безопасности Виталий Баласанян: Арменпресс@bagramyan26
223,тысяча тринадцать год наследник британский престол принц уэльский чарльз принимать млн семья террорист усама бен ладен качество благотворительный пожертвование свой фонд the,1,В 2013 году наследник британского престола принц Уэльский Чарльз принял £1 млн от семьи террориста Усамы бен Ладена в качестве благотворительного пожертвования в свой фонд: The Times@bagramyan26
224,сила турция мощь нато укрепление турецкий армия усиливать возможность альянс пятнадцать август сша вновь проходить обсуждение f американский сторона настраивать позитивно давать вопрос осознавать значимость тема анкара надеяться позитивный итог переговоры поставка f сша противный случай мир альтернатива исключать новый решение глава минобороны турция хулусь акар интервью,6,"«Сила Турции – это мощь НАТО, то есть укрепление турецкой армии усилит возможности Альянса. 15 августа в США вновь пройдут обсуждения по F-16. Американская сторона настроена позитивно по данному вопросу и осознает значимость темы. Анкара надеется на позитивный итог переговоров по поставкам F-16 из США. В противном случае, в мире есть много альтернатив, не исключены новые решения»:глава Минобороны Турции Хулуси Акар в интервью «Anadolu»@bagramyan26"
225,приветствовать решение косово перенести мера сентябрь ожидать весь барьер немедленно удалять иметься вопрос следовать решать рамка диалог содействие ес сосредоточение внимание всеобъемлющий нормализация отношение косово сербия необходимо интеграция ес генсек ес иностранный дело политика безопасность жозеп,10,"«Приветствуем решение Косово перенести меры на 1 сентября и ожидаем, что все барьеры будут немедленно удалены. Имеющиеся вопросы следует решать в рамках диалога при содействии ЕС и сосредоточения внимания на всеобъемлющей нормализации отношений между Косово и Сербией, что необходимо для их интеграции в ЕС»: Генсек ЕС по иностранным делам и политике безопасности Жозеп Боррель@bagramyan26"
226,армения иметь никакой отношение запрет въезд раффи ованисян блокпост въезд запрещать российский миротворец причина мочь выяснивать снб ра ответ запрос,0,"❗️«Армения не имеет никакого отношения к запрету на въезд  Раффи Ованисяна. На блокпосту въезд запретили российские миротворцы, причину можете выяснить у них»: СНБ РА в ответ на запрос Civik@bagramyan26"
227,россиянин объяснять почему интересоваться политика топ аргумент политика вносить жизнь суета тема разговор завтрак интересоваться политика становиться овощ пропаганда работать ура баран выбирать пастух,0,"Россияне объяснили, почему не интересуются политикой - и вот топ-3 аргумента:—  Политика вносит в жизнь суету;—  Это не тема для разговоров за завтраком;—  Если интересоваться политикой - можно стать овощем. Пропаганда работает на ура: зачем баранам выбирать пастуха?"
